Discord ID,Daily Claim
9999.0,1671984813.20589
8888.0,1671985224.668333
3.780480075994235e+17,1671985346.2868328
9.030498934494332e+17,1671986167.0081458
5.34739070358913e+17,1672016673.750649
8.544961855267799e+17,1672016755.894773
