Discord ID,Daily Claim
9999.0,1671984813.20589
8888.0,1671985224.668333
3.780480075994235e+17,1671985346.2868328
9.030498934494331e+17,1671986167.0081458
