Discord ID,Daily Claim
3.780480075994235e+17,1672027677.9654331
