Timetamp,Discord ID,Item ID,Item Name
1672246576.377702,760865318263586876,B0007,NOREN
1672248741.701441,433564409051217920,C0001,Nothing
1672248750.568634,433564409051217920,A0020,Realms Hunter Whitelist
1672249017.93292,404928667425308682,B0006,Pixel War
1672249051.536036,404928667425308682,C0001,Nothing
1672249071.0084229,615174838520250378,C0001,Nothing
1672249076.8881311,615174838520250378,B0001,TBP Invite Link
